Class,Rank_group,Title Length,Country_Count,Author_Count,Institution_Count,Journal_encodeder,Publisher_encodeder,CIT_Avg.
0.0001876693807440699,0.00029219394852453284,0.0002777975742921004,1.2433969719713634e-05,0.0002973291312529109,2.9267430279281853e-06,0.9985316579214256,0.05416431926560952,0.0006843323813043412
0.002360478405825197,0.0025940894022334765,0.0007591963616030758,0.00043276569481832,0.006934351855888321,0.0007179361741225618,0.05415463673072561,0.9984385437053895,0.011228725333707033
0.004592804280506782,0.01804935838591341,0.011408748879682028,0.007758237780244161,0.08086761202880849,0.026392300464120094,0.0012872262268159504,0.01176494080793973,0.9960354321125525
